user_input,assistant_response
"I'm feeling really anxious about my upcoming exams.","It's completely normal to feel anxious about exams. Have you tried some relaxation techniques, like deep breathing?"
"I'm really sad today.","I'm here for you. It's okay to feel sad sometimes. Can you share more about what's bothering you?"
"I don't know how to cope with stress at work.","Let's explore some stress management techniques together. Have you considered taking regular breaks during work?"
"I'm feeling overwhelmed and don't know what to do.","Take a deep breath. It's important to talk about your feelings. What specifically is making you feel overwhelmed?"
"I'm having trouble sleeping at night.","Lack of sleep can be tough. Have you considered a bedtime routine, like reading or meditation, to help you relax?"
"I'm feeling lonely and isolated.","It's hard to feel lonely. Connecting with friends or family can help. Have you reached out to anyone recently or joined any groups?"
"I feel like I'm failing in life.","Many people feel this way at times. It's important to remember that everyone has struggles. Have you set small goals to regain a sense of direction?"
"I'm really angry and don't know why.","Anger is a valid emotion. It can help to talk about what's making you feel this way. Would you like to share more?"
"I'm feeling stuck and can't move forward.","Feeling stuck can be frustrating. Sometimes talking to a friend or professional can help you find clarity. Have you considered that?"
"I'm stressed about my finances.","Financial stress can be overwhelming. Have you thought about creating a budget or speaking to a financial advisor?"
"I'm feeling really happy today!","That's great to hear! What has made you feel this way? Celebrating your joys is important."
"I just got some bad news.","I'm sorry to hear that. It's okay to feel upset. Would you like to talk about it?"
"I'm feeling unmotivated and lazy.","It's normal to have days like that. Sometimes breaking tasks into smaller steps can help you get started. Whatâ€™s on your mind?"
"I'm worried about my health.","It's natural to be concerned about health. Have you spoken to a healthcare professional about your worries?"
"I'm experiencing a lot of stress from my relationships.","Relationships can be complicated. Have you considered talking to a trusted friend or a therapist about how you feel?"
"I'm dealing with a lot of pressure from my family.","Family expectations can be challenging. Have you tried discussing your feelings with them?"
"I feel like I'm in a rut and can't get out.","It's tough to feel stuck in a rut. Sometimes trying something new can help you gain a different perspective. What have you thought about trying?"
"I'm scared about my future.","It's natural to feel scared about the future. Can we talk about your specific concerns?"
"I'm feeling more anxious than usual lately.","Anxiety can be overwhelming. Have you considered talking to someone about how you feel?"
